Link,Título,Autores,Fecha de publicación,Asesor(es),Editorial,Resumen,Palabras clave,Identificador único,Tipo de acceso
https://cybertesis.unmsm.edu.pe/item/ac7bb6fb-bbf2-4517-b3d3-f01795444f8b,Adaptación del algoritmo Grasp en el diseño eficiente de la interfaz gráfica de usuario,"Zamudio Díaz, Juan José, Algoritmos en computadoras, Programación para computadoras, Gráficos por computadora, https://hdl.handle.net/20.500.12672/1159",2007,N/A,Universidad Nacional Mayor de San Marcos,"Existen algunos métodos en la actualidad para el mejoramiento de la interfaz gráfica de usuario (GUI), métodos que, muchas veces, se basan en la recopilación de información vía test de usuarios y en la creatividad del diseñador; de acuerdo a las funcionalidades que debe proporcionar la GUI para el procesamiento de los datos. En el presente trabajo desarrollaremos una metodología de optimización para el diseño de una GUI utilizando un algoritmo de procedimiento de búsqueda adaptativa aleatoria (GRASP), que tendrá como base un algoritmo goloso de tipo FFD (first fit decreassing), que nos permitirá encontrar un diseño óptimo de una GUI, basado en la eficiente distribución de objetos visuales. Este diseño óptimo servirá para la correcta comunicación hombre-maquina en el eficiente procesamiento de los datos. Cabe recalcar que siempre un diseño de una GUI guarda una estrecha relación con el desarrollo cognitivo del usuario. Esto puede ocasionar una pequeña variación en el diseño final de una GUI.-- There are ome methods at the present time for the improvement of the Graphic User Interface (GUI), methods that, often, are based on the compilation of information through test of users and on the creativity of the designer; according to the functionalities that must provide the GUIs to data processing. In the present work we will develop to a methodology of optimization for the design of a GUI, using a Greedy Randomized Adaptative Procedures Search (GRASP), which it will have as it bases a goloso algorithm of FFD (first fit decreassing) type, that will allow to find an optimal design of a GUI optimal, based on the efficient distribution of visual objects. This optimal design will be used for the man machine right communication in the efficient data processing. It is important to stress that a design of a GUI always keepsa narrow relation with a user’s cognitive development. It can cause a little variation in the final design of a GUI.","Algoritmos en computadoras, Programación para computadoras, Gráficos por computadora",https://hdl.handle.net/20.500.12672/1159,info:eu-repo/semantics/openAccess
https://cybertesis.unmsm.edu.pe/item/91339506-3677-4935-ad34-a06694078198,Aplicación MFC para Windows: creación de un protector de pantalla para la UNMSM,"Espichan Beretta, Patricia Isabel, Microsoft Windows (Programa para computadora), Microsoft foundation class library, Software para computadora - Desarrollo, https://hdl.handle.net/20.500.12672/2625",2002,N/A,Universidad Nacional Mayor de San Marcos,"Actualmente, ante el auge que tienen los medios de comunicación y el uso avanzado de la tecnología en el mercado, las empresas necesitan ser más competitivas y promocionarse aún más a través de su imagen y la elaboración de sus productos. Hoy en día no sólo las grandes casas americanas de software, sino las grandes empresas multinacionales promocionan su imagen a través de los diversos accesorios que se utilizan para las computadoras como almanaques, pad’s para los mouses, protectores de pantalla (a través de disquetes, Cd’s o de la Internet), etc. (...) Es por eso que este trabajo está destinado a construir un Protector de Pantalla para la Universidad Nacional Mayor de San Marcos, contribuyendo a que alguna empresa o a algún investigador interesado en este tipo de productos, se anime a desarrollar su propio protector de pantalla, mejorando aún más sus resultados.","Microsoft Windows (Programa para computadora), Microsoft foundation class library, Software para computadora - Desarrollo",https://hdl.handle.net/20.500.12672/2625,info:eu-repo/semantics/openAccess
https://cybertesis.unmsm.edu.pe/item/25abea8e-434e-43f3-af24-fba925da3409,Base de datos distribuidos usando algoritmos genéticos para optimización de proceso transacción en la Web,"Pró Concepción, Luzmila Elisa, Ealgoritmos genéticos, base de datos distribuidos, genoma, interconexión de sistemas abiertos, protocolo de control de transmisión, protocolo de internet, servidor web, sistema operativo, transacción, https://hdl.handle.net/20.500.12672/467",2010,N/A,Universidad Nacional Mayor de San Marcos,"EL desarrollo de la investigación de la Tesis de “Base de Datos Distribuidos Usando Algoritmos Genéticos Para Optimización de Proceso Transacción en la Web”, ha sido posible llegar a las siguientes conclusiones: Hay deficiencia en el tiempo de procesos de transacción por el procesador del servidor; que actualmente trabajan con algoritmos tradicionales; como la lectura / escritura de datos en el disco magnético en el servidor Web, produciéndose por ejemplo, demora en la cola de espera, demora en tiempo de proceso de transacción, demora en tiempo de respuesta, que ocasionan los denominados cuellos de botella, falta memoria, etcétera. El problema central que se propone está orientado al crecimiento y, evolución del servidor web de una manera económica y escalable que lleva a un rendimiento óptimo. Por consiguiente, existe la necesidad de estudiar los procesos de transacciones del sistema, de tal manera que se aplique otra alternativa como algoritmos genéticos para optimizar el proceso de transacción en el servidor, a fin de así mejorar los procesos del servidor web y, mejorar la atención a los clientes / usuarios. El objetivo es implementar un simulador de transacciones orientando a la toma de decisiones del administrador de transacciones con la aplicación de algoritmos genéticos. Se usará los algoritmos genéticos para determinar que transacción se debe tomar para asignarlo en la cola de procesos. Se asumen ciertas restricciones que el simulador tomará como dadas. Por ejemplo, cada transacción tiene un número constante de recursos que solicitan. Cada recurso tiene una cola que administra y solo se pueden hacer 2 tipos de requerimiento: leer y escribir. La estructura de un cromosoma consta de un grupo de alelos y cada uno corresponde con un recurso solicitado. El administrador de transacciones tomará el requerimiento por el recurso para ponerlo en cola, el que tenga un máximo de cromosoma igual a 1, es decir, cuando encuentre entre el grupo de transacciones la transacción que tenga sus alelos en 1. Se tomará como cromosoma una cadena binaria que será convertida a números enteros. Se ha realizado un análisis de los modelos de transacciones que operan actualmente y se ha extraído tales mecanismos para llevarlo a un proceso de toma de decisiones en función de los algoritmos genéticos. Se ha implementado un simulador prototipo para un sistema de aplicación con algoritmos genéticos, para optimizar el proceso de transacción, antes de procesar los datos, se evaluarán los procesos de transacciones sobre: tiempo de simulación, número de transacciones, tiempo de la transacción, número de recursos, longitud de la cola del recurso, probabilidad de cruzamiento, probabilidad de mutación, transacciones en cola, atendidos, en lectura, en escritura, tiempo consumido, y se consigue los resultados de procesos óptimos; el tiempo de procesamiento de datos mediante el simulador es menor que el tiempo de procesamiento de datos que en el procesador convencional, mejor uso del recurso de la computadora. -- PALABRAS CLAVES: ALGORITMOS GENÉTICOS, BASE DE DATOS DISTRIBUIDOS, GENOMA, INTERCONEXIÓN DE SISTEMAS ABIERTOS, PROTOCOLO DE CONTROL DE TRANSMISIÓN, PROTOCOLO DE INTERNET, SERVIDOR WEB, SISTEMA OPERATIVO, TRANSACCIÓN-- The development of the investigation of the Thesis of “Distributed Database Using Genetic Algorithms For Optimization of Process Transaction in the Web“ that have been allowed to reach the following conclusions: There is deficiency in the time of transaction processes for processor of the server; that they are working with traditional algorithms; as the reading / writing of data in the magnetic disk in server web. For example, it delays in the wait line, it delays in time of transaction process, it delays in time of answer that you/they cause as neck of the bottle, it lacks memory, etc. The central problem that intends is guided to the growth and, evolution of the server web in an economic and scalable way that takes to a good yield. Consequently, the necessity exists of studying the processes transactions of the system, in such a way that another alternative is applied as genetic algorithms to optimize the process of transaction in servant, basing stops to improve processes of the server web and, to improve the attention to the clients / users. The objective is to implement a pretender of transactions guiding the taking of the administrator's of transactions decisions with the application of genetic algorithms. It was used the genetic algorithms to determine that transaction should take to assign it in the line of processes. Certain restrictions are assumed that the pretender took as given. For example, each transaction has a constant number of resources that you/they request. Each resource has a line that he/she administers and alone 2 requirement types can be made: to read and to write. The structure of a chromosome consists of an alelos group and each one corresponds with a requested resource. The administrator of transactions took the requirement for the resource to put it in line, the one that has a maximum of chromosome similar to 1, that is to say, when he finds among the group of transactions the transaction that has his alelos in 1. He took as chromosome a binary chain that will be converted to whole numbers. An analysis of the models of transactions has been made that they operate at the moment and it has been extracted such mechanisms to take it to a process of taking of decisions in function of the genetic algorithms. Pretender prototype has been implemented for system application with genetic algorithms, to optimize the process of transaction, before to process the data processes of transactions will be evaluated of: time of simulation, number of transactions, time of the transaction, number of resources, longitude of the line of the resource, crossover probability, mutation probability, in line, assisted, reading, notarizes, consumed time, and it is gotten the results of good processes; the time of prosecution of data is less than the time of prosecution of data that conventional in the processor, better use of the resource of the computer.-- KEY WORDS: GENETICS ALGORITHMS, BASE OF DISTRIBUTED DATA, GENOMA, INTERCONNECTION OF OPEN SYSTEMS, PROTOCOL OF CONTROL OF TRANSMISSION, PROTOCOL DE INTERNET, SERVER WEB, OPERATING SYSTEM, TRANSACTION,","Ealgoritmos genéticos, base de datos distribuidos, genoma, interconexión de sistemas abiertos, protocolo de control de transmisión, protocolo de internet, servidor web, sistema operativo, transacción",https://hdl.handle.net/20.500.12672/467,info:eu-repo/semantics/openAccess
https://cybertesis.unmsm.edu.pe/item/eed518e8-ee5a-4c3b-a8bc-6bb836fd9862,Diseño e implementación de un sistema de gestión de la calidad orientado a empresas de desarrollo de sistemas según norma ISO 9001,"Espinoza Ruiz, María Luisa, Concha Mujica, Carlos Oskar, Norma ISO 9001, Sistemas de almacenamiento y recuperación de la información - Turismo, Software para computadora - Normas, Calidad total en administración - Normas, https://hdl.handle.net/20.500.12672/14560",2007,N/A,Universidad Nacional Mayor de San Marcos,"La calidad del software se ha convertido en la actualidad en un factor fundamental para el desarrollo del negocio de una empresa, es aquí donde radica la importancia de tener un control sobre todos los procesos que involucran la construcción de un nuevo software, que garantice el cumplimiento de estándares de calidad en el producto. La investigación realizada brinda una guía de cómo encarar la gestión de la calidad en el desarrollo de un software de venta de pasajes aéreos utilizando los estándares que nos brinda la norma ISO 9001:2000.","Norma ISO 9001, Sistemas de almacenamiento y recuperación de la información - Turismo, Software para computadora - Normas, Calidad total en administración - Normas",https://hdl.handle.net/20.500.12672/14560,info:eu-repo/semantics/openAccess
https://cybertesis.unmsm.edu.pe/item/54ada1d1-842b-41de-869e-36adc4c4af6c,Evaluación y diseño hidráulico del sistema de suministro de agua potable en el C.P. el Cedrón,"Illanes Córdova, Percy Eugenio, Abastecimiento de agua - Perú - Aramango (Bagua : Distrito), Tuberías de agua - Diseño y construcción, Monografías, https://hdl.handle.net/20.500.12672/5072",2016,N/A,Universidad Nacional Mayor de San Marcos,"Desarrolla la evaluación y diseño de las estructuras de captación y tratamiento del sistema de abastecimiento de agua potable del centro poblado El Cedrón, distrito de Aramango, provincia de Bagua, departamento de Amazonas. Determina el caudal de diseño en base a la población, la dotación y consumo de agua. Diseña hidráulicamente el sistema de captación superficial. Evalúa la operatividad de la estructura de tratamiento.","Abastecimiento de agua - Perú - Aramango (Bagua : Distrito), Tuberías de agua - Diseño y construcción, Monografías",https://hdl.handle.net/20.500.12672/5072,info:eu-repo/semantics/openAccess
https://cybertesis.unmsm.edu.pe/item/bcf96065-59cf-406d-894a-fcb960539422,Factores inhibidores en la implementación de sistemas de gestión de la seguridad de la información basado en la NTP-ISO/IEC 17799 en la administración pública,"Mariño Obregón, Alipio, Redes de computadoras - Medidas de seguridad, Seguridad informática, Administración pública - Innovaciones tecnológicas, Sistemas de comunicación gubernamental - Perú, https://hdl.handle.net/20.500.12672/1058",2010,N/A,Universidad Nacional Mayor de San Marcos,"La tesis titulada “Factores inhibidores en la implementación de Sistemas de Gestión de la Seguridad de la Información basado en la NTP-ISO/IEC 17799 en la Administración Pública” es un estudio cuantitativo, transversal, hipotético-deductivo sobre el proceso de implantación de la Norma Técnica NTP-ISO/IEC 17799. Código de buenas prácticas para la gestión de la seguridad de la información en las Entidades del Sistema Nacional de Informática del Perú. Esta investigación, se introduce dentro del marco del desarrollo de la Sociedad de la Información, la Agenda Digital Peruana y el Proyecto de Gobierno Electrónico en el Perú y responde a la siguiente pregunta ¿Cuáles son los factores inhibidores que influyen en el bajo nivel de implementación de la Norma Técnica NTP-ISO/IEC 17799 Código de buenas prácticas para la gestión de la seguridad de la información en las Entidades del Sistema Nacional de Informática? Para este propósito, se recopiló información a través de una encuesta semi estructurada en 16 Organismos Públicos Descentralizados adscritas a la Presidencia del Consejo de Ministros (PCM) del Gobierno Nacional, que tienen su Sede en la ciudad de Lima. La información recopilada en la encuesta, fue procesada y analizada, que permitió luego identificar factores de orden estratégico y operativo causantes del bajo nivel de implantación de la norma. Finalmente, hemos planteado las recomendaciones orientadas a superar las dificultades que enfrentan dichas entidades, cumpliéndose de esta manera con el propósito de la investigación. Palabras Clave: Norma Técnica Peruana (NTP-ISO/IEC 17799), Sistema de Gestión de Seguridad de la Información (SGSI), La Agenda Digital Peruana, Oficina Nacional de Gobierno Electrónico e Informática (ONGEI), Seguridad de la Información, Organismos Públicos Descentralizados (ODP).The Thesis entitled “Inhibitors factors in the Information Security Management Systems implementation based on NTP-ISO/IEC 17799 in public agencies” it is a quantitative, transversal, hypothetical-deductive method research on Peruvian Technical Norm NTP-ISO/IEC 17799 Information technology Code of practice for information security management deployment process in the National Information system Institutions of Peru. This research, was conducted within the Information Society development framework, the Peruvian Digital Agenda and the project of E-Government in Peru, and answers the following question: What are inhibitors factors influencing the low level of implementation of the technical standard NTP-ISO/IEC 17799 code of practice for the information security management in the national system of Information institutions?. For this purpose, information was collected from a semi structured survey in 16 decentralized public bodies attached to the Presidency of the Council of Ministers (PCM) of the national Government, which have their headquarters in the city of Lima. Information collected in the survey, was processed and analyzed which allowed us then identify strategic and operational order factors causing the low-level implementation of the standard. Finally, we raised the recommendations aimed to overcome the difficulties faced by these entities, thus fulfilling the purpose of the research. Key Words: Peruvian Technical Norm (NTP-ISO/IEC 17799), Information Security Management Systems (ISMS), The Peruvian Digital Agenda, E-government and Informatics National Body (ONGEI), Information security, Decentralized Public Organisms (ODP).","Redes de computadoras - Medidas de seguridad, Seguridad informática, Administración pública - Innovaciones tecnológicas, Sistemas de comunicación gubernamental - Perú",https://hdl.handle.net/20.500.12672/1058,info:eu-repo/semantics/openAccess
https://cybertesis.unmsm.edu.pe/item/03ff6261-66c2-4a5c-b64b-bd93ceb85a80,Implementación de un sistema de e-learning para ampliar la cobertura del CEPRE-UNMSM,"Astahuamán Huamaní, Víctor Dennis, Internet en la educación - Perú, Educación a distancia - Perú, Educación - Efecto de las innovaciones tecnológicas en - Perú, https://hdl.handle.net/20.500.12672/14928",2010,N/A,Universidad Nacional Mayor de San Marcos,"Pretende implementar u sistema de E-Learning, como respuesta a la necesidad de masificar la educación preuniversitaria y marcar huellas en el camino tecnológico. Recopila información de las tecnologías existentes y hace una exhaustiva revisión bibliográfica de estas tecnologías y de sus usos prácticos, seleccionando de ellas la que concuerde con características de la formación que El CEPRE-UNMSM desarrolla. Esta solución, será instalada y puesta en marcha para que los usuarios y futuros “alumnos virtuales” la mantengan y la utilicen. Este sistema, permitirá llegar a postulantes de todo el Perú, adoptará las cualidades de la metodología usada en el CEPRE-UNMSM, trayendo beneficios económicos a la institución, satisfaciendo las necesidades de preparación preuniversitaria a San Marcos que existe en provincias, sentando precedentes prácticos en la universidad y el País del uso y adaptación de nuevas herramientas tecnológicas de información aplicadas al ámbito educativo Peruano.","Internet en la educación - Perú, Educación a distancia - Perú, Educación - Efecto de las innovaciones tecnológicas en - Perú",https://hdl.handle.net/20.500.12672/14928,info:eu-repo/semantics/openAccess
https://cybertesis.unmsm.edu.pe/item/e3563b3f-2af3-4096-9369-edafdc286504,Implementación de una herramienta de inteligencia de negocios para la administración de justicia sobre una metodología ad-hoc,"Parco Iquiapaza, Alex Alsey, Eguila Canales, Arturo, Inteligencia artificial, Justicia, Administración de, Almacenamiento de datos, https://hdl.handle.net/20.500.12672/2645",2007,N/A,Universidad Nacional Mayor de San Marcos,"En el presente trabajo se desarrolla el Análisis y Diseño para el desarrollo e implementación futura de una herramienta de Inteligencia de Negocios para la toma de decisiones en el Área de Defensoría de Oficio del Ministerio de Justicia, el propósito de la implementación de dicha herramienta es tener un mejor control y gestión de la información de el sistema de defensores de oficio de forma que, ayude a mejorar la calidad del servicio que presta dicha entidad, por la toma de decisiones eficientes conseguidas a partir de la información que este sistema proporcione a los directivos de dicha entidad. Este trabajo muestra la metodología utilizada para el desarrollo del Datamart, el cual plantearemos cómo desarrollarlo y mostraremos mediante prototipos su funcionamiento.-- The present work develops the Analysis and Design for the development and future implementation of a tool of Business Intelligence for the taking of decisions in the Area of Defensoría de Oficio of the Justice Ministry, the intention of the implementation of this tool is to have a better control and management of the information of the office defenders system so, it will help to improve the quality of the service that gives this organization, by the efficient decision taking from the information that this system provides to the managers of this organization. This work shows the methodology used for the development of the Datamart, which we will show as to develop it and we will show by means of prototypes its operation.","Inteligencia artificial, Justicia, Administración de, Almacenamiento de datos",https://hdl.handle.net/20.500.12672/2645,info:eu-repo/semantics/openAccess
https://cybertesis.unmsm.edu.pe/item/303b6a56-9fcb-42d9-aada-381351d5865b,Implementación del modelo CRM para una institución educativa : caso de aplicación FISI-UNMSM,"Julca Segovia, Christian Antonio, Córdova Filio, César Christian, Universidades y escuelas superiores - Redes de computadoras, Educación superior - Efecto de las innovaciones tecnológicas en, Relaciones con los clientes - Administración, https://hdl.handle.net/20.500.12672/1439",2005,N/A,Universidad Nacional Mayor de San Marcos,"CRM tiene que ver con la captura, procesamiento, análisis y distribución de datos (lo que ocurre en todos los tipos de sistemas) pero con total preocupación por el cliente (lo que no ocurre en los sistemas tradicionales). El cliente es el centro del modelo de datos. Para el presente estudio, el cliente de la organización es el alumno, y la enseñanza el servicio, por lo tanto la implementación del modelo implica una enseñanza centrada en el alumno. Frente a planteamientos tradicionales de enseñanza cuyo referente es la optimización del beneficio por cantidad, surge la perspectiva de incrementar los resultados de las instituciones educativas a través de estrategias centradas en el alumno y la relación que se establece con el. Bajo estos términos, la fidelización del alumno cobra un significativo papel en la estrategia de la institución, ocupando el lugar preferente que la adquisición de nuevos alumnos tenia previamente. Con los lineamientos del pensamiento efectivista, se presenta el modelo CRM para las instituciones educativas con su respectiva implementación tanto a nivel estratégico, táctico y operativo, utilizando preferentemente herramientas libres; dándose así, la posibilidad de promover la innovación y desarrollo tecnológico con la expansión de sus tradicionales metodologías de administración y enseñanza.CRM has to do with the capture, prosecution, analysis and distribution of data (what happens in all the types of systems) but with total concern for the client (what doesn't happen in the traditional systems). The client is the center of the pattern of data. For the present study, the client of the organization is the student, and the teaching the service, therefore the implementation of the pattern implies a teaching centered in the student. In front of traditional positions of teaching whose relating it is the optimization of the benefit for quantity, the perspective arises of increasing the results of the educational institutions through strategies centered in the student and the relationship that he/she settles down with the one. Under these terms, the student's fidelización charges a significant paper in the strategy of the institution, occupying the preferable place that the acquisition of new students had previously. With the limits of the thought effectivity, the pattern CRM is presented so much for the educational institutions with its respective implementation at strategic, tactical and operative level, using free tools preferably; being given this way, the possibility to promote the innovation and technological development with the expansion of their traditional administration methodologies and teaching.","Universidades y escuelas superiores - Redes de computadoras, Educación superior - Efecto de las innovaciones tecnológicas en, Relaciones con los clientes - Administración",https://hdl.handle.net/20.500.12672/1439,info:eu-repo/semantics/openAccess
https://cybertesis.unmsm.edu.pe/item/26119202-5f97-4dd9-a8f9-dad8bc0e7533,Industria nacional del software: análisis sectorial,"Rodríguez Villegas, Héctor Hugo, Industria del software - Perú, Industria del software - Innovaciones tecnológicas, Tecnología de la información - Perú, https://hdl.handle.net/20.500.12672/11190",2002,N/A,Universidad Nacional Mayor de San Marcos,"Presenta un análisis sectorial de la industria nacional del software con el fin de comprender su dinámica en el mercado local y extranjero. La identificación de aquellos factores que favorecen o inhiben su desarrollo permite crear las condiciones o planes para su desarrollo, desde el punto de vista tecnológico y económico. Para la realizar la investigación se utilizó la información estadística aportada por el INEI, PROMPEX y otros, informes similares de países de la región, y estudios sobre el impacto de las tecnologías de información realizados por organismos internacionales. El análisis se resume en una matriz DOFA. Concluye que la industria es viable y está en proceso de madurez, que se considera podría acelerarse si se siguen las pautas de los sistemas de calidad y la innovación tecnológica.","Industria del software - Perú, Industria del software - Innovaciones tecnológicas, Tecnología de la información - Perú",https://hdl.handle.net/20.500.12672/11190,info:eu-repo/semantics/openAccess
https://cybertesis.unmsm.edu.pe/item/9e81890e-d14c-49fd-83b0-a68c7b054865,Marco metodológico del proceso de verificación y validación de software para pequeñas y medianas empresas,"Grados Aguirre, Lizette, Calidad, Modelos de Calidad, https://hdl.handle.net/20.500.12672/4460",2015,N/A,Universidad Nacional Mayor de San Marcos,"Hoy en día es complicado para una Pyme (pequeña casa de desarrollo de Software) aplicar los Modelos de Calidad y Pruebas propuestos tales como: CMMI, CMM, MOPROSOFT, COMPETISOFT, TMMi, TMM, TPI, TMap que hacen referencia al proceso de V&V, esto principalmente por: 1) el grado de complejidad, la mayoría de estos modelos han sido estructurados para ser aplicados en empresas grandes; 2) las restricciones de costo porque las Pymes no tienen el suficiente dinero para contratar a los especialistas que puedan brindarles las directivas que necesitan o 3) simplemente por el desconocimiento que se tiene sobre los beneficios que obtendrían. El presente trabajo de investigación tiene como principal objetivo elaborar un Marco Metodológico del Proceso de Verificación y Validación ajustado a la realidad socio económico de las Pymes y enfocado en los procesos claves de V&V, por ello, se tomaron como referencia los modelos y estándares de calidad: IEEE Std. 1012, IEEE Std. 829, IEEE Std. 1008, en el trabajo se muestra una guía metodológica, los roles y competencias del equipo de trabajo, plantillas/listas de verificación base y las principales métricas.","Calidad, Modelos de Calidad",https://hdl.handle.net/20.500.12672/4460,info:eu-repo/semantics/openAccess
https://cybertesis.unmsm.edu.pe/item/87740947-5377-4573-9971-099c692f3812,Modelo iterativo de gestión del conocimiento para el área de desarrollo de software de la banca pública,"Quecara Choquetico, Emerson Vladimir, Lozano Orihuela, Richard Héctor, Gestión del conocimiento, Software de aplicación - Desarrollo, https://hdl.handle.net/20.500.12672/8820",2015,N/A,Universidad Nacional Mayor de San Marcos,"En la banca pública del Perú, el área de desarrollo de software genera una gran cantidad conocimiento y experiencia que han sido obtenidos por los miembros del equipo de trabajo durante el desarrollo del software, estas adquisiciones constituyen un activo valioso para la entidad que está en la búsqueda de las mejores prácticas y procesos de software. Este trabajo de investigación presenta un modelo iterativo para gestionar activos de conocimiento generados durante el desarrollo de software y a la vez se establece una iniciativa para crear una cultura orientada hacia la gestión del conocimiento.","Gestión del conocimiento, Software de aplicación - Desarrollo",https://hdl.handle.net/20.500.12672/8820,info:eu-repo/semantics/closedAccess
https://cybertesis.unmsm.edu.pe/item/ab5a1853-a8ce-448c-9e7c-5282b8110abf,Modelo sistémico para la administración de servicios públicos ofertados por las entidades del estado peruano,"Espinoza Rivera, Marco Aurelio, Sistemas de información en administración - Perú, Administración pública - Innovaciones tecnológicas - Perú, Servicios públicos - Perú, https://hdl.handle.net/20.500.12672/14428",2013,N/A,Universidad Nacional Mayor de San Marcos,"Pretende implementar un modelo de administración centralizada, soportado por un Sistema de información que integre un repositorio único de trámites y servicios públicos. e emplearon métodos propios del desarrollo ágil de aplicaciones de software, gestionado bajo lineamientos del Project Management Institute. Para la elaboración del sistema y el cumplimiento de los objetivos planteados se siguió los lineamientos establecidos por la Ley de Simplificación Administrativa, así como los estándares definidos por la recientemente implementada Plataforma de interoperabilidad del Estado Peruano. Actualmente, el Sistema está en uso, y es administrado por la Secretaría de Gestión Pública, de la Presidencia del Consejo de Ministros del Perú.","Sistemas de información en administración - Perú, Administración pública - Innovaciones tecnológicas - Perú, Servicios públicos - Perú",https://hdl.handle.net/20.500.12672/14428,info:eu-repo/semantics/closedAccess
https://cybertesis.unmsm.edu.pe/item/0bb3361b-563b-48ee-9ccb-eb42b7646bad,Optimización de la gestión de los procesos en los gobiernos locales. Aplicación en el proceso de cobranza coactiva de la Municipalidad de Miraflores,"Haro Kanashiro, Angela Karina, Gobierno local - Impuestos - Perú, Gobierno local - Perú - Innovaciones tecnológicas, Recaudación de impuestos - Perú - Procesamiento de datos, https://hdl.handle.net/20.500.12672/14878",2007,N/A,Universidad Nacional Mayor de San Marcos,"Plantea la necesidad de optimizar el proceso de cobranza coactiva de una entidad de gobierno local con el fin de optimizar su gestión, ya que presenta carencia de herramientas tecnológicas, deficiencias de control y distorsiones e incumplimientos normativos. La solución al problema planteado, tiene como finalidad determinar la aplicación de metodologías y herramientas apropiadas para optimizar los procesos existentes en las empresas y los gobiernos locales. La investigación realizada está enmarcada en la gestión de procesos de negocio, porque se requieren de modelos de negocios que deben ser diseñados explícitamente para estructuras organizacionales, procesos y sistemas. Asimismo, el diseño de estos modelos, debe ser claramente interdisciplinario, con base en el conocimiento del desarrollo del negocio, los diferentes procesos que suceden en la empresa, y las aplicaciones tecnológicas. Con base en el estudio, se plantea el empleo de herramientas de gestión de procesos de negocio, definiendo tres etapas como son el modelado y simulación, la ejecución, y el monitoreo de procesos aplicando una metodología y dentro de una arquitectura orientada a servicios.","Gobierno local - Impuestos - Perú, Gobierno local - Perú - Innovaciones tecnológicas, Recaudación de impuestos - Perú - Procesamiento de datos",https://hdl.handle.net/20.500.12672/14878,info:eu-repo/semantics/openAccess
https://cybertesis.unmsm.edu.pe/item/d178057d-3135-4e28-8219-b63f2a6f0914,Optimizar el proceso de evaluación de la integridad de la arquitectura de los proyectos de software,"Paredes Umeres, Alfonso Manuel, Avendaño Quesada, Maykol Erik, Arquitectura del software, Software para computadora - Evaluación, Software para computadora - Control de calidad, Mantenimiento de programas y sistemas de programación, https://hdl.handle.net/20.500.12672/8704",2014,N/A,Universidad Nacional Mayor de San Marcos,"Desarrolla un prototipo de una herramienta que ayude a validar la integridad de la arquitectura, a nivel de código fuente, que presentan los proyectos de software, y que se haga de manera automatizada. Para ellos, utiliza AspectJ, que es una implementación de la programación orientada a aspectos, que continuamente realiza el análisis transversal al código fuente (en base a las reglas escritas en los aspectos), mostrando alertas en las líneas exactas del código fuente donde no se esté cumpliendo con la arquitectura establecida.","Arquitectura del software, Software para computadora - Evaluación, Software para computadora - Control de calidad, Mantenimiento de programas y sistemas de programación",https://hdl.handle.net/20.500.12672/8704,info:eu-repo/semantics/closedAccess
https://cybertesis.unmsm.edu.pe/item/bd793bdb-13d0-4eab-9888-945f6bb77a15,Participación de las empresas peruanas en el mercado electrónico minero : propuesta de un modelo de factores que afectan la participación y estrategias para su desarrollo,"Calixto Mejía, Omar Rodolfo, Comercio electrónico - Perú, Industrias minerales - Procesamiento de datos, Industrias minerales - Perú, https://hdl.handle.net/20.500.12672/1158",2007,N/A,Universidad Nacional Mayor de San Marcos,"El presente estudio trata sobre la participación de las empresas peruanas en el Mercado Electrónico Minero (a partir de ahora MEM), identificando las razones que estimulan y amenazan su participación, basado en estudios realizados sobre los mercados electrónicos, el Intercambio Electrónico de Datos (EDI) y el análisis del sector minero peruano. La investigación valida el modelo de participación de empresas en los mercados electrónicos propuesto por Joost Buijsen (2003) en el contexto peruano, a través del análisis de encuestas realizadas a empresas compradoras y empresas proveedoras de bienes y servicios e involucradas en el sector minero peruano. Este modelo señala cuatro factores principales que influyen en la participación de las empresas: los beneficios percibidos (debido a la positiva percepción que las organizaciones tienen de la tecnología de información), las amenazas percibidas (debido a la negativa percepción que las organizaciones tienen de la tecnología de información), la preparación organizacional (debido al nivel de capacidad de la tecnología de información y disponibilidad de recursos en la organización), y presión externa (debido a la débil posición de la organización en el mercado). Posteriormente se formula estrategias para fomentar la participación de las empresas peruanas en el MEM y finalmente se presenta las conclusiones y recomendaciones del presente estudio.This study deals with on the participation the enterprise peruvians, in the Mining Electronic Market (from now on MEM) identifying the reasons that stimulate and threaten their participation, based on studies made on the electronic marketplaces, the Electronic Interchange of data (EDI), and the analysis of the peruvian mining sector. The first part of the investigation is valued the model of participation of companies in the electronic markets proposed by Joost Buijsen (2003) in the peruvian context, through analysis of surveys made to buying companies and companies suppliers of goods and services and involved in the mining sector. This model indicates four factors main that they influence in the participation of the companies: benefits perceived (due to the positive perception which the organizations have of the information technology), the perceived threats (due to the negative perception that the organizations have of the information technology), the organizational preparation (due to the low levels of sophistication of the technology of information and the availability of resources of the organization), and external pressure (due to the weak position of the organization in the market). After prepare strategies to foment the participation of the peruvian companies in the MEM and finally one appears the conclusions and recommendations of the present study.","Comercio electrónico - Perú, Industrias minerales - Procesamiento de datos, Industrias minerales - Perú",https://hdl.handle.net/20.500.12672/1158,info:eu-repo/semantics/openAccess
https://cybertesis.unmsm.edu.pe/item/c68e8650-a989-429b-832c-dea6d5c83d26,Redes neuronales para el reconocimiento de la calidad morfológica de mangos exportables para la empresa Biofruit del Perú S.A.C.,"Vega Huerta, Hugo Froilán, Integración económica internacional, Alianzas estratégicas (Negocios), https://hdl.handle.net/20.500.12672/1521",2011,N/A,Universidad Nacional Mayor de San Marcos,"En esta tesis presentamos un Sistema Experto que permite reconocer los mangos cuyas formas cumplen con los estándares de calidad exigidos por clientes de Estados Unidos y Europa. El software está basado en el proceso de imágenes digitales de mangos mediante redes neuronales artificiales. Primeramente seleccionamos una muestra de mangos exportables; luego, utilizando el sistema, tomamos una imagen digital de cada mango, con dichas imágenes entrenamos una Red Neuronal para que reconozca acertadamente todos los elementos de la muestra. Luego, procedemos con las pruebas de reconocimiento con otros mangos de calidad y con los que no presentan dichas características, y si el software los reconoce acertadamente, diremos que hemos cumplido con nuestro objetivo. Palabras Clave: Redes neuronales artificiales, entrenamiento de redes neuronales, reconocimiento de patrones, reconocimiento de calidad del mango--- In this thesis we present an Expert System that allow recognize the mangoes which forms meet the quality standards required by customers in the U.S. and Europe. The software is based on digital images processing of mangoes using artificial neural networks. At first we select a sample of export mangoes, then using the system; we take a digital image of each mango and with such images we train a neural network until it is able to recognize correctly all elements of the sample. Then we will proceed with the recognition tests of other quality mangoes and those without these features, and if the software recognizes it properly, we can say we have fulfilled our objective. Keywords: Artificial neural networks, training of neural networks, pattern recognition, recognition of quality mangoes","Integración económica internacional, Alianzas estratégicas (Negocios)",https://hdl.handle.net/20.500.12672/1521,info:eu-repo/semantics/openAccess
https://cybertesis.unmsm.edu.pe/item/8c76770f-740c-4acc-b859-0e2f32e8dcd4,Sistema de información basado en RUP para el monitoreo de indicadores de VIH y TB en el sector salud,"Guevara Acuña, Oscar Iván, Sistemas de almacenamiento y recuperación de la información-Medicina, Software para computadora-Desarrollo, Indicadores de salud-Perú-Procesamiento de datos, https://hdl.handle.net/20.500.12672/13892",2009,N/A,Universidad Nacional Mayor de San Marcos,"El objetivo de la presente investigación es evidenciar el uso de una metodología, enmarcada en la ingeniería de software, en la concepción de un sistema de información, en toda la amplitud de su conjunto, involucrando entidades (considérese personas, dependencias, organizaciones externas), procesos y recursos en un escenario hostil para la implementación de una solución informatizada, ya que el ámbito de aplicación del sistema de información en cuestión es de carácter nacional, pasa por diversos niveles de gobierno y tiene como coyuntura un proceso aún incipiente de descentralización en el aparato gubernamental.","Sistemas de almacenamiento y recuperación de la información-Medicina, Software para computadora-Desarrollo, Indicadores de salud-Perú-Procesamiento de datos",https://hdl.handle.net/20.500.12672/13892,info:eu-repo/semantics/openAccess
https://cybertesis.unmsm.edu.pe/item/236f3e29-ee0a-4bef-a4a6-30cf3cede61c,Sistema de localización y consulta de servicios por celular haciendo uso de la tecnología inalámbrica,"Giraldo, Juan Gustavo, Palacios Ochoa, Judith, Sistemas de comunicación movil, Sistemas de telefonía celular, Sistemas de comunicaciones inalámbricos, https://hdl.handle.net/20.500.12672/1522",2006,N/A,Universidad Nacional Mayor de San Marcos,"Desarrollar un sistema de localización de servicios en base a la posición del usuario de un terminal móvil es enseñarles a los proveedores de servicios un nuevo mercado aun no explotado y a los operadores de la red móvil darles nuevos abonados. Nuestra propuesta se basa en ello para desarrollar un sistema capaz de localizar al servicio (Banco, supermercado, grifo, parroquia, comisaría, hoteles entre otros) más cercano a la posición del usuario que lo solicite. Se propone también que el usuario puede interactuar con el sistema en caso de efectuar alguna operación como por ejemplo reservas, consultas de cuentas, entre otros servicios extra que pueda brindar el proveedor de servicio. Palabras claves: GSM (Global System for Mobile Communications), GPRS(General Packet Radio Services), UMTS (Universal Mobile Telecomunications System), MPS (Mobile Positioning System), LBS (Location based System), software libre, métodos de localización.--- Developing a service locating system based on the user position of a movil terminal means to teach to the service providers a new market not yet exploded and to give to the mobile net providers new suscribers. Our solution is based on it for developing a system able to locate the service (banks, supermarkets, churches, police stations, hotels and others) nearest to the user position who solicite it. We also propose that the user can interact with the system in case of making an operation such as reserving, consulting counts among other extra services that the service provider can offer. Key words: GSM (Global System for Mobile Communications), GPRS (General Packet Radio Services), UMTS (Universal Mobile Telecomunications System), MPS (Mobile Positioning System), LBS (Location based System), software libre, métodos de localización.","Sistemas de comunicación movil, Sistemas de telefonía celular, Sistemas de comunicaciones inalámbricos",https://hdl.handle.net/20.500.12672/1522,info:eu-repo/semantics/openAccess
https://cybertesis.unmsm.edu.pe/item/6b9d51d3-cf51-4581-8d66-6e829875a792,Sistema distribuido con thin client para la gestión de historias clínicas,"Zevallos Mamani, José Luis, Historias clínicas - Automatización, Sistemas de almacenamiento y recuperación de la información - Historias clínicas, Computación cliente/servidor, Hospitales - Procesamiento de datos, https://hdl.handle.net/20.500.12672/8826",2015,N/A,Universidad Nacional Mayor de San Marcos,"Representa la culminación de estudios realizados en el campo de los sistemas distribuidos. La investigación surge a raíz de las demoras en las atenciones médicas en hospitales de salud públicos debido a la falta de integración de las historias clínicas. El resultado del trabajo es un sistema distribuido para la gestión de historias clínicas con todos los beneficios de usar thin client. El diseño propuesto representa un sistema que permitirá el almacenamiento, modificación y sobre todo la compartición de las historias clínicas entre los diferentes hospitales de salud pública. En los capítulos que se presentaran a continuación se describe el proceso realizado para un sistema distribuido thin client para la gestión de historias clínicas. En el primer capítulo, se presenta un panorama general de la problemática a solucionar, los objetivos que se buscan conseguir y justificación. En el segundo capítulo, se presenta el marco teórico necesario con el fin de comprender los conceptos relacionados a los sistemas distribuidos, las ventajas, desventajas, tipos de almacenamiento, topología, etc. En el tercer capítulo, desarrolla la etapa que involucra realizar la búsqueda de todos los sistemas similares y extraer lo mejor de cada aporte y generar un sistema distribuido para la gestión de historias clínicas. En el cuarto capítulo, se muestra la construcción paso a paso del sistema distribuido para la gestión de historias clínicas. Finalmente, en el quinto capítulo se detallan las conclusiones y trabajos futuros luego de la generación del diseño.","Historias clínicas - Automatización, Sistemas de almacenamiento y recuperación de la información - Historias clínicas, Computación cliente/servidor, Hospitales - Procesamiento de datos",https://hdl.handle.net/20.500.12672/8826,info:eu-repo/semantics/closedAccess
https://cybertesis.unmsm.edu.pe/item/1ed730bc-8218-40a6-acc5-b4cb0d537513,Sistema experto de determinación de autoavaluo,"Robles Sánchez, Rosalía Isabel, Quispe Alfaro, Amelia, Descriptores o palabras claves, https://hdl.handle.net/20.500.12672/2646",2002,N/A,Universidad Nacional Mayor de San Marcos,"El presente trabajo tiene como propósito fundamental, efectuar el diseño e implantación de un Sistema Experto de Determinación de Autoavaluo, orientada a cualquier Municipalidad de nuestro país. Para ello, se describe previamente aspectos teóricos de lo que es un Sistema Experto, Análisis Tributario y la Metodología empleada en el desarrollo de dicho Sistema, denominada “Redes Neuronales Artificiales”.--- The present work has a main purpose to develop the design and implantation of expert system to determine the autoavaluo, be guided to any municipality of our country. For this, theoretical aspects about Expert Systems, Tax Analysis and the methodology used in the developing of the system, called “Artificial Neuronal Network”.",Descriptores o palabras claves,https://hdl.handle.net/20.500.12672/2646,info:eu-repo/semantics/openAccess
https://cybertesis.unmsm.edu.pe/item/296ca2a2-fe3f-4880-88b0-e3154d10b6b3,Sistema multi-agente para medir la confiabilidad en las dimensiones de disponibilidad y fiabilidad de un sistema ERP,"Hermoza Salas, Angel, Administración de recursos de información, Inteligencia artificial, Agentes inteligentes (Software para computadoras), https://hdl.handle.net/20.500.12672/1161",2007,N/A,Universidad Nacional Mayor de San Marcos,"El presente trabajo busca desarrollar un modelo y un prototipo del sistema multi-agente para medir la confiabilidad, disponibilidad y fiabilidad de un sistema ERP. Se describe cómo se monitorea, actualmente, los sistemas ERP, sea manualmente o con apoyo de otros sistemas; se menciona cuales son los roles que actualmente administran cada uno de estos sistemas; se muestra el problema actual de manera gráfica; se formula el problema; se detalla los objetivos del presente trabajo; se muestra gráficamente la solución final al problema; se determina la justificación del presente trabajo; se muestra los procedimientos actuales utilizados para resolver parcialmente el problema y se identifica los programas de software que dan solución parcial al problema, siendo los más usados por las empresas; se detalla la funcionalidad de los sistemas ERP; se revisa los sistemas ERP, el posicionamiento mundial de estos sistemas; se explica la teoría de sistemas críticos y la metodología de construcción de agentes Zeus así como su utilización en el desarrollo de los agentes del presente trabajo; se explica detalladamente la identificación de indicadores de desempeño del sistema ERP; se detalla el modelamiento de cada uno de los agentes de software utilizados en el desarrollo del sistema CODA utilizando la metodología Ingenias; se detalla la implementación de la aplicación sistema CODA y finalmente; se detalla las conclusiones y trabajos futuros.--- Multi-agent system to measure the trustworthiness, availability and reliability of an ERP system”. This article aims to describe a system model and a software named system CODA, which is intended to recover information from the main server where is installed the Enterprise Resource Planning System (ERP Baan IV), the data base (Oracle) and the operating system (AIX), those tasks are performed by software agents, then this information will be processed and validated by the agents, finally the critical information is send to the system “CODA”; this system has two sub systems, the Intranet sub system will be managed by an Administrator, who will coordinate the creation of the indicators, maintain the users and clients, the parameters, basic tables. The Extranet sub system will be used by the clients (General Manager, Operations Manager, Information Manager), they will see graphs for each indicator defined in the system, also they will see how the system is running and also if there are problems, they can drill down the problems and see the detail. The system send mails and alerts to the technical persons who will solve the problems, each mail is associated with the error code, a description called “sintoma”, the real problem and a propose solution, when a new problem appears the administrator must add the solution to the data base, so if in the future the problem occurs, the system propose the solution.","Administración de recursos de información, Inteligencia artificial, Agentes inteligentes (Software para computadoras)",https://hdl.handle.net/20.500.12672/1161,info:eu-repo/semantics/openAccess
https://cybertesis.unmsm.edu.pe/item/547ec225-1e7d-4804-9daf-a0bff08469bc,Sistema web para la búsqueda o selección de equipos o dispositivos móviles usando lógica borrosa,"More Rondón, Julio César Guillermo, Sistemas de comunicación móvil, Teléfonos celulares - Mercadotecnia, https://hdl.handle.net/20.500.12672/14653",2013,N/A,Universidad Nacional Mayor de San Marcos,"Pretende orientar sobre el proceso de selección de un dispositivo móvil y en ella se desarrolla una solución utilizando lógica difusa que permite interpretar las necesidades del cliente que son expresadas en forma cualitativa. En el proceso de selección de un dispositivo móvil existen diversos factores o características que determinan el resultado de la selección, son los clientes que seleccionan el valor de cada una de estas características de manera cualitativa o no numérica, esto dificulta la correcta selección debido a que no se puede tabular estos valores no numéricos. El objetivo de esta tesis es, mediante el uso de la lógica difusa, permitir transformar estos valores cualitativos en valores cuantitativos, es decir interpretar las palabras del cliente y asignarle un valor numérico que permite un mayor grado de precisión en la selección del dispositivo móvil. Se usa los conceptos básicos de lógica difusa, como etiquetas lingüísticas y conjunto difuso, considerando importante el universo de datos que se pueda consolidar para este propósito.","Sistemas de comunicación móvil, Teléfonos celulares - Mercadotecnia",https://hdl.handle.net/20.500.12672/14653,info:eu-repo/semantics/closedAccess
https://cybertesis.unmsm.edu.pe/item/f7280772-77a3-480e-a3ec-86266c361bf7,"Un modelo de evaluación de éxito de los sistemas de información con énfasis en la seguridad de información a nivel del desempeño individual de instituciones públicas en Perú. caso de estudio: Poder Judicial, Sistema de notificaciones electrónicas","Cabrera Gallo, María del Carmen, Sistemas de información en administración - Evaluación, Seguridad informática, Notificación (Derecho) - Perú - Automatización, Justicia, Administración de - Innovaciones tecnológicas - Perú, https://hdl.handle.net/20.500.12672/12385",2013,N/A,Universidad Nacional Mayor de San Marcos,"Propone un modelo de Evaluación de Éxito de los Sistemas de Información (SI) con énfasis en seguridad de información, considerando que los modelos de evaluación actuales no incorporan explícitamente constructores de seguridad. Las evaluaciones en SI en Perú han sido ad-hoc, y dentro de la literatura se han visto casos de evaluación en el sector salud realizadas por el Lic. José Villegas en el año 2009, mas no hay experiencias en otros sectores del estado. Además, no hay una evaluación innovadora de evaluar el modelo existente con elementos de seguridad. En el modelo propuesto proponemos incorporar elementos de seguridad pudiendo ser usado para apoyar normas de ONGEI o de las instituciones de seguridad existentes. Finalmente, una vez planteado el modelo, se empleará una guía metodológica en el caso de estudio basada en la Guía del Lic. José Villegas Ortega, y luego de ello se efectuará la implementación de la guía propuesta en un caso de estudio (sistema de notificaciones electrónicas del Poder Judicial). Dicho caso de estudio, está dirigido a evaluar si el factor innovador propuesto de la Seguridad de la Información influye en el sistema de información a nivel del desempeño individual. Se presentarán los resultados obtenidos de la evaluación del éxito del sistema de notificaciones electrónicas y se propondrá las acciones correctivas si fuera necesario","Sistemas de información en administración - Evaluación, Seguridad informática, Notificación (Derecho) - Perú - Automatización, Justicia, Administración de - Innovaciones tecnológicas - Perú",https://hdl.handle.net/20.500.12672/12385,info:eu-repo/semantics/closedAccess
https://cybertesis.unmsm.edu.pe/item/221b8ff4-2649-4c00-b4c4-0a39ddde1e1a,Un Modelo de Recomendación de Productos utilizando Redes Sociales implementado en Tecnologías de la Web Semántica,"Landa Tinco, Sara, Ticona Pacheco, Fernando Jaime, Redes sociales, Modelo de Recomendación, https://hdl.handle.net/20.500.12672/4661",2015,N/A,Universidad Nacional Mayor de San Marcos,"Este trabajo es una propuesta de un Modelo de Recomendación de Productos que utiliza para su implementación tecnologías de la Web Semántica tomando como entrada datos de los usuarios de la red social Facebook. La solución tecnológica se basa en emplear herramientas de la web semántica, debido a que esta tecnología permite una mejor gestión y estructuración de datos, a través del desarrollo de una ontología e inclusión de un motor de razonamiento para realizar inferencias mediante reglas. El Modelo de Recomendación de Productos se basa en los Modelos de Representación Basado en Conocimiento de Rueda Morales, de Razonamiento Automático de Estrategias de Marketing de Yiqing, et al. y de Caracterización de Usuarios de Orozco, et al. Para la implementación del Modelo de Recomendación implicó el desarrollo de las ontologías, formalizadas en el lenguaje OWL, del Perfil del Usuario basado en el Modelo de Caracterización de Usuarios, y de Productos para la empresa de estudio Aisha Modas (marca de ropa para mujer), y la definición de reglas a través de Protégé formalizadas en el lenguaje SWRL, para el razonamiento del modelo, las que fueron integradas a las ontologías del Perfil de Usuario y de Productos. Protégé cuenta con un motor de razonamiento que realizó las inferencias del modelo y el resultado obtenido se mostró en la web Aisha Modas. Palabras clave: Redes Sociales, Modelo de Recomendación, Ontologías, Reglas de inferencia.--- This work is a proposal of a Model Product recommendation for implementation using Semantic Web technologies taking as input data of users of social network Facebook. The technological solution is based on using semantic web tools, because this technology allows better management and data structuring, through the development of an ontology and inclusion of a reasoning engine to make inferences using rules. The Model Product Recommendation is based on the models Based on Knowledge Representation by Morales Rueda, Automated Reasoning of Marketing Strategies by Yiqing, et al. and Characterization of users by Orozco, et al. To implement the recommendation model, it required to develop ontologies, formalized on OWL language, of the user profile based on the Model Characterization Users and products for the enterprise of study Aisha Modas (clothing brand for women) and the definition of rules through Protégé formalized on SWRL language for reasoning model, that were integrated to ontologies User Profile and Products. Protégé has a reasoning engine that execute inference of model and the result was shown in the web Aisha Modas. Keywords: Social Networks Model Recommendation, ontologies, rules of inference.","Redes sociales, Modelo de Recomendación",https://hdl.handle.net/20.500.12672/4661,info:eu-repo/semantics/openAccess
https://cybertesis.unmsm.edu.pe/item/84955280-6ee9-4eb8-9d08-0d2aac75aa9e,"Un modelo para determinar los factores que influyen en la mejora de procesos en la atención de pacientes en los centros de salud a través de Excelencia Empresarial, BPM y Reingeniería de Procesos","Infante Takey, Henry Ernesto, Atención al enfermo, Arquitectura orientada a servicios (Computación), https://hdl.handle.net/20.500.12672/3472",2013,N/A,Universidad Nacional Mayor de San Marcos,"La atención de los pacientes en un sistema de salud es compleja, existen muchos factores que influyen para que la atención sea eficiente. Actualmente existe un déficit en los procesos de atención, identificándose algunas de las causas como la falta de información en los procesos, demora en la atención del paciente, demora en los resultados de los análisis, en la entrega de las medicinas y otros problemas. Todos estos factores generan la insatisfacción e incertidumbre en los pacientes, la sobrecarga del trabajo en las áreas de salud, existencia de un clima de trabajo con tensiones entre los profesionales de salud y administrativos. Por tal motivo se debe reformular los procesos en las instituciones de salud. Las técnicas estudiadas deberán estar orientadas a mejorar la atención de los pacientes, es decir, el paciente deberá sentirse satisfecho con la atención que le brindan, tanto en la parte médica como en la administrativa.Para ello se desarrollará un modelo híbrido que estará conformado con técnicas y metodologías probadas en otras tesis o publicaciones. El desarrollo de este modelo tendrá los conceptos de Excelencia Empresarial, Reingeniería de Procesos y Business Process Management. En tal sentido y desde la perspectiva del éxito en mejorar los procesos de atención de los pacientes, la presente investigación incorpora la Calidad y la Gestión de los Recursos Humanos como constructores innovadores; el cual busca identificar el grado de fiabilidad, desempeño y ventaja competitiva sostenible sobre dichos constructores. Por consiguiente una vez planteado el modelo, se estructura una guía metodológica para su implementación y finalmente probar el Modelo en un caso de estudio.--- Patient care in a public health system is a complex issue. In fact, there are a number of factors that contribute to efficient care. Currently, there is a deficit in health care processes, some of the causes being the lack of information of the processes mentioned before; delays in patient care, in the test results, in the delivery of drugs as well as other related problems. These elements taken together produce dissatisfaction and uncertainty among patients, work overload in the health areas, and a workingatmosphere characterized by conflict between the health and the administrative staffs. For this reason, health care institutions’ processes should be restructured. Therefore, possible actions should be directed at improving patients’ health care; that is, patients should feel satisfied with the care provided both in the medical treatment and the administrative services. To obtain this, a hybrid model -made up of techniques and methodologies tested in other thesis and publications-is to be developed. Carrying out this model will entail the development of entrepreneurial excellence, process re-engineering and business process management.","Atención al enfermo, Arquitectura orientada a servicios (Computación)",https://hdl.handle.net/20.500.12672/3472,info:eu-repo/semantics/openAccess
https://cybertesis.unmsm.edu.pe/item/8d2c24c9-9ee6-46bb-acac-95c75d447ade,Una Metodología para sectorizar pacientes en el consumo de medicamentos aplicando Datamart y Datamining en un hospital nacional,"Tapia Rivas, Iván Gildo, Farmacia hospitalaria - Procesamiento de datos, Almacenamiento de datos, Bases de datos, https://hdl.handle.net/20.500.12672/273",2006,N/A,Universidad Nacional Mayor de San Marcos,"La Minería de Datos (Data Mining) es la búsqueda de patrones interesantes y de regularidades importantes en grandes bases de datos. La minería de datos inteligente utiliza métodos de aprendizaje automático para descubrir y enumerar patrones presentes en los datos. Una forma para describir los atributos de una entidad de una base de datos es utilizar algoritmos de segmentación o clasificación. El presente trabajo, propone un método para el análisis de datos, para evaluar la forma con la que se consumen los medicamentos en un hospital peruano, poder identificar algunas realidades o características no observables que producirían desabastecimiento o insatisfacción del paciente, y para que sirva como una herramienta en la toma de decisión sobre el abastecimiento de medicamentos en el hospital. En esta investigación, se utilizan técnicas para la Extracción, Transformación y Carga de datos, y para la construcción de un Datamart, para finalmente un algoritmo de minería de datos adecuado para el tipo de información que se encuentra contenida.The Mining of Data (Mining Data) is the search of interesting patterns and important regularities in great data bases. The intelligent mining of data uses methods of automatic learning to discover and to enumerate present patterns in the data. A form to describe the attributes of an organization of a data base is to use algorithms of segmentation or classification. The present work, proposes a method for the analysis of data, to evaluate the form with which the medicines in a Peruvian hospital are consumed, to be able to identify some non-observable realities or characteristics which they would produce shortage of supplies or dissatisfaction of the patient, and so that it serves as a tool in the decision making on the medicine supplying in the hospital. In this investigation, techniques for the Extraction, Transformation and Load of data are used, and for the construction of a Datamart, finally an algorithm of mining of data adapted for the type of information that is contained.","Farmacia hospitalaria - Procesamiento de datos, Almacenamiento de datos, Bases de datos",https://hdl.handle.net/20.500.12672/273,info:eu-repo/semantics/openAccess
https://cybertesis.unmsm.edu.pe/item/cdb5766d-5544-4a81-b37c-364dd2ade154,Uso de redes sociales virtuales en las instituciones públicas y su relación con la productividad del personal,"Rodas Martínez, Alicia Karina, Redes sociales, Internet, Sector público, https://hdl.handle.net/20.500.12672/10268",2014,N/A,Universidad Nacional Mayor de San Marcos,"Realiza un estudio acerca del uso de las redes sociales virtuales dentro de las Instituciones Públicas en el Perú. Fue realizado desde un enfoque cualitativo en base a la teoría fundamentada y buscó a través de la exploración en las percepciones del nivel gerencial, hallar la relación entre el uso de las redes sociales virtuales por parte del personal con su productividad para luego identificar los factores de éxito que la determinan. Implicancias de gestión para añadir valor al negocio, fueron parte de los resultados.","Redes sociales, Internet, Sector público",https://hdl.handle.net/20.500.12672/10268,info:eu-repo/semantics/closedAccess
https://cybertesis.unmsm.edu.pe/item/932b0de3-6922-4d36-8d54-16286695aab6,Valor agregado del seguimiento visual en los estudios de usabilidad web: un caso de estudio de la percepción de usuario de la Banca en línea en el Perú,"Linares Torres, Freddy, Bancos por Internet, Bancos - Servicios al cliente, Páginas Web - Evaluación, https://hdl.handle.net/20.500.12672/8986",2014,N/A,Universidad Nacional Mayor de San Marcos,"La tecnología de seguimiento visual permite identificar áreas de oportunidad en los procesos de negocio online y consecuentemente mejorar los indicadores de eficiencia en las empresas. Tomando información desde el punto de vista del usuario, la banca en línea puede mejorar los tiempos de respuesta de atención al cliente y elevar el nivel de venta de sus productos financieros. La presente investigación plantea que la tecnología de seguimiento visual en los estudios de usabilidad web permiten generar indicadores de eficiencia de negocio que mejorarán el ratio de conversión del canal web para la entrega de información relacionada a productos financieros.","Bancos por Internet, Bancos - Servicios al cliente, Páginas Web - Evaluación",https://hdl.handle.net/20.500.12672/8986,info:eu-repo/semantics/closedAccess
